File,Line,Column,Type,Severity,Confidence,Name,CallerName
csharp/SimpleIOT/TestCase_IOT_Array.cs,18,13,Vulnerability.Info,3,3,System.Type.GetType,TestCase_IOT_Array.Main(string[]):void
csharp/SimpleIOT/TestCase_IOT_Array.cs,25,4,Vulnerability.ErrorHandling.RevealDetails.StackTrace,0,2,System.Exception.get_StackTrace,TestCase_IOT_Array.Main(string[]):void
csharp/SimpleIOT/TestCase_IOT_Array.cs,25,4,Vulnerability.Logging.Required,2,3,System.Exception.get_StackTrace,TestCase_IOT_Array.Main(string[]):void
csharp/SimpleIOT/TestCase_IOT_Array.cs,25,4,Vulnerability.Validation.EncodingRequired,0,3,System.Console.Write,TestCase_IOT_Array.Main(string[]):void
csharp/SimpleIOT/TestCase_IOT_Array.cs,30,3,Vulnerability.Info,3,3,System.IO.FileStream.FileStream,TestCase_IOT_Array.getVulnerableSource(string):string
csharp/SimpleIOT/TestCase_IOT_Array.cs,31,3,Vulnerability.Info,3,3,System.IO.StreamReader.StreamReader,TestCase_IOT_Array.getVulnerableSource(string):string
csharp/SimpleIOT/TestCase_IOT_Array.cs,32,3,Vulnerability.Info,3,3,System.Type.GetType,TestCase_IOT_Array.getVulnerableSource(string):string
csharp/SimpleIOT/TestCase_IOT_Array.cs,34,3,Vulnerability.Info,3,3,System.IO.Stream.Close,TestCase_IOT_Array.getVulnerableSource(string):string
csharp/SimpleIOT/TestCase_IOT_Array.cs,40,3,Vulnerability.Info,3,3,System.IO.FileStream.FileStream,TestCase_IOT_Array.writeToVulnerableSink(string;string[]):void
csharp/SimpleIOT/TestCase_IOT_Array.cs,41,3,Vulnerability.Info,3,3,System.IO.StreamWriter.StreamWriter,TestCase_IOT_Array.writeToVulnerableSink(string;string[]):void
csharp/SimpleIOT/TestCase_IOT_Array.cs,43,4,Vulnerability.Validation.EncodingRequired,0,2,System.IO.TextWriter.Write,TestCase_IOT_Array.writeToVulnerableSink(string;string[]):void
csharp/SimpleIOT/TestCase_IOT_Array.cs,43,4,Vulnerability.Validation.EncodingRequired,0,2,System.IO.TextWriter.Write,TestCase_IOT_Array.writeToVulnerableSink(string;string[]):void
csharp/SimpleIOT/TestCase_IOT_Array.cs,45,9,Vulnerability.Info,3,3,System.IO.TextWriter.Close,TestCase_IOT_Array.writeToVulnerableSink(string;string[]):void
csharp/SimpleIOT/TestCase_IOT_Array.cs,49,3,Vulnerability.Info,3,3,System.IO.FileStream.FileStream,TestCase_IOT_Array.writeToVulnerableSink(string;string):void
csharp/SimpleIOT/TestCase_IOT_Array.cs,50,3,Vulnerability.Info,3,3,System.IO.StreamWriter.StreamWriter,TestCase_IOT_Array.writeToVulnerableSink(string;string):void
csharp/SimpleIOT/TestCase_IOT_Array.cs,51,3,Vulnerability.Validation.EncodingRequired,0,2,System.IO.TextWriter.Write,TestCase_IOT_Array.writeToVulnerableSink(string;string):void
csharp/SimpleIOT/TestCase_IOT_Array.cs,51,3,Vulnerability.Validation.EncodingRequired,0,2,System.IO.TextWriter.Write,TestCase_IOT_Array.writeToVulnerableSink(string;string):void
csharp/SimpleIOT/TestCase_IOT_Array.cs,52,3,Vulnerability.Info,3,3,System.IO.TextWriter.Close,TestCase_IOT_Array.writeToVulnerableSink(string;string):void
csharp/SimpleIOT/TestCase_IOT_Branching.cs,55,4,Vulnerability.ErrorHandling.RevealDetails.StackTrace,0,2,System.Exception.get_StackTrace,TestCase_IOT_Branching.main(string[]):void
csharp/SimpleIOT/TestCase_IOT_Branching.cs,55,4,Vulnerability.Logging.Required,2,3,System.Exception.get_StackTrace,TestCase_IOT_Branching.main(string[]):void
csharp/SimpleIOT/TestCase_IOT_Branching.cs,55,4,Vulnerability.Validation.EncodingRequired,0,3,System.Console.Write,TestCase_IOT_Branching.main(string[]):void
csharp/SimpleIOT/TestCase_IOT_Branching.cs,62,4,Vulnerability.Info,3,3,System.IO.FileStream.FileStream,TestCase_IOT_Branching.getVulnerableSource(string):string
csharp/SimpleIOT/TestCase_IOT_Branching.cs,63,4,Vulnerability.Info,3,3,System.IO.StreamReader.StreamReader,TestCase_IOT_Branching.getVulnerableSource(string):string
csharp/SimpleIOT/TestCase_IOT_Branching.cs,64,4,Vulnerability.Info,3,3,System.Type.GetType,TestCase_IOT_Branching.getVulnerableSource(string):string
csharp/SimpleIOT/TestCase_IOT_Branching.cs,66,4,Vulnerability.Info,3,3,System.IO.Stream.Close,TestCase_IOT_Branching.getVulnerableSource(string):string
csharp/SimpleIOT/TestCase_IOT_Branching.cs,75,4,Vulnerability.Info,3,3,System.IO.FileStream.FileStream,TestCase_IOT_Branching.writeToVulnerableSink1(string):void
csharp/SimpleIOT/TestCase_IOT_Branching.cs,76,4,Vulnerability.Info,3,3,System.IO.StreamWriter.StreamWriter,TestCase_IOT_Branching.writeToVulnerableSink1(string):void
csharp/SimpleIOT/TestCase_IOT_Branching.cs,77,4,Vulnerability.Validation.EncodingRequired,0,2,System.IO.TextWriter.Write,TestCase_IOT_Branching.writeToVulnerableSink1(string):void
csharp/SimpleIOT/TestCase_IOT_Branching.cs,78,4,Vulnerability.Info,3,3,System.IO.TextWriter.Close,TestCase_IOT_Branching.writeToVulnerableSink1(string):void
csharp/SimpleIOT/TestCase_IOT_Branching.cs,83,3,Vulnerability.Info,3,3,System.IO.StreamWriter.StreamWriter,TestCase_IOT_Branching.writeToVulnerableSink2(string):void
csharp/SimpleIOT/TestCase_IOT_Branching.cs,84,3,Vulnerability.Validation.EncodingRequired,0,2,System.IO.TextWriter.Write,TestCase_IOT_Branching.writeToVulnerableSink2(string):void
csharp/SimpleIOT/TestCase_IOT_Branching.cs,85,3,Vulnerability.Info,3,3,System.IO.TextWriter.Close,TestCase_IOT_Branching.writeToVulnerableSink2(string):void
csharp/SimpleIOT/TestCase_IOT_Branching.cs,89,3,Vulnerability.Info,3,3,System.IO.StreamWriter.StreamWriter,TestCase_IOT_Branching.writeToVulnerableSink3(string):void
csharp/SimpleIOT/TestCase_IOT_Branching.cs,90,3,Vulnerability.Validation.EncodingRequired,0,2,System.IO.TextWriter.Write,TestCase_IOT_Branching.writeToVulnerableSink3(string):void
csharp/SimpleIOT/TestCase_IOT_Branching.cs,91,3,Vulnerability.Info,3,3,System.IO.TextWriter.Close,TestCase_IOT_Branching.writeToVulnerableSink3(string):void
csharp/SimpleIOT/TestCase_IOT_Instance_Assigns.cs,22,4,Vulnerability.ErrorHandling.RevealDetails.StackTrace,0,2,System.Exception.get_StackTrace,TestCase_IOT_Instance_Assigns.main(string[]):void
csharp/SimpleIOT/TestCase_IOT_Instance_Assigns.cs,22,4,Vulnerability.Logging.Required,2,3,System.Exception.get_StackTrace,TestCase_IOT_Instance_Assigns.main(string[]):void
csharp/SimpleIOT/TestCase_IOT_Instance_Assigns.cs,22,4,Vulnerability.Validation.EncodingRequired,0,3,System.Console.Write,TestCase_IOT_Instance_Assigns.main(string[]):void
csharp/SimpleIOT/TestCase_IOT_Instance_Assigns.cs,27,3,Vulnerability.Info,3,3,System.IO.FileStream.FileStream,TestCase_IOT_Instance_Assigns.getVulnerableSource(string):string
csharp/SimpleIOT/TestCase_IOT_Instance_Assigns.cs,28,3,Vulnerability.Info,3,3,System.IO.StreamReader.StreamReader,TestCase_IOT_Instance_Assigns.getVulnerableSource(string):string
csharp/SimpleIOT/TestCase_IOT_Instance_Assigns.cs,29,3,Vulnerability.Info,3,3,System.Type.GetType,TestCase_IOT_Instance_Assigns.getVulnerableSource(string):string
csharp/SimpleIOT/TestCase_IOT_Instance_Assigns.cs,31,3,Vulnerability.Info,3,3,System.IO.Stream.Close,TestCase_IOT_Instance_Assigns.getVulnerableSource(string):string
csharp/SimpleIOT/TestCase_IOT_Instance_Assigns.cs,37,3,Vulnerability.Info,3,3,System.IO.FileStream.FileStream,TestCase_IOT_Instance_Assigns.writeToVulnerableSink(string):void
csharp/SimpleIOT/TestCase_IOT_Instance_Assigns.cs,38,3,Vulnerability.Info,3,3,System.IO.StreamWriter.StreamWriter,TestCase_IOT_Instance_Assigns.writeToVulnerableSink(string):void
csharp/SimpleIOT/TestCase_IOT_Instance_Assigns.cs,39,3,Vulnerability.Validation.EncodingRequired,0,2,System.IO.TextWriter.Write,TestCase_IOT_Instance_Assigns.writeToVulnerableSink(string):void
csharp/SimpleIOT/TestCase_IOT_Instance_Val_Confidence.cs,101,4,Vulnerability.ErrorHandling.RevealDetails.StackTrace,0,2,System.Exception.get_StackTrace,TestCase_IOT_Instance_Val_Confidence.testSinkNoValidationAvailable(string[]):void
csharp/SimpleIOT/TestCase_IOT_Instance_Val_Confidence.cs,101,4,Vulnerability.Logging.Required,2,3,System.Exception.get_StackTrace,TestCase_IOT_Instance_Val_Confidence.testSinkNoValidationAvailable(string[]):void
csharp/SimpleIOT/TestCase_IOT_Instance_Val_Confidence.cs,101,4,Vulnerability.Validation.EncodingRequired,0,3,System.Console.Write,TestCase_IOT_Instance_Val_Confidence.testSinkNoValidationAvailable(string[]):void
csharp/SimpleIOT/TestCase_IOT_Instance_Val_Confidence.cs,121,4,Vulnerability.ErrorHandling.RevealDetails.StackTrace,0,2,System.Exception.get_StackTrace,TestCase_IOT_Instance_Val_Confidence.testLostValidated(string[]):void
csharp/SimpleIOT/TestCase_IOT_Instance_Val_Confidence.cs,121,4,Vulnerability.Logging.Required,2,3,System.Exception.get_StackTrace,TestCase_IOT_Instance_Val_Confidence.testLostValidated(string[]):void
csharp/SimpleIOT/TestCase_IOT_Instance_Val_Confidence.cs,121,4,Vulnerability.Validation.EncodingRequired,0,3,System.Console.Write,TestCase_IOT_Instance_Val_Confidence.testLostValidated(string[]):void
csharp/SimpleIOT/TestCase_IOT_Instance_Val_Confidence.cs,140,4,Vulnerability.ErrorHandling.RevealDetails.StackTrace,0,2,System.Exception.get_StackTrace,TestCase_IOT_Instance_Val_Confidence.testLostValidationNotUsed(string[]):void
csharp/SimpleIOT/TestCase_IOT_Instance_Val_Confidence.cs,140,4,Vulnerability.Logging.Required,2,3,System.Exception.get_StackTrace,TestCase_IOT_Instance_Val_Confidence.testLostValidationNotUsed(string[]):void
csharp/SimpleIOT/TestCase_IOT_Instance_Val_Confidence.cs,140,4,Vulnerability.Validation.EncodingRequired,0,3,System.Console.Write,TestCase_IOT_Instance_Val_Confidence.testLostValidationNotUsed(string[]):void
csharp/SimpleIOT/TestCase_IOT_Instance_Val_Confidence.cs,159,4,Vulnerability.ErrorHandling.RevealDetails.StackTrace,0,2,System.Exception.get_StackTrace,TestCase_IOT_Instance_Val_Confidence.testLostNoValidationAvailable(string[]):void
csharp/SimpleIOT/TestCase_IOT_Instance_Val_Confidence.cs,159,4,Vulnerability.Logging.Required,2,3,System.Exception.get_StackTrace,TestCase_IOT_Instance_Val_Confidence.testLostNoValidationAvailable(string[]):void
csharp/SimpleIOT/TestCase_IOT_Instance_Val_Confidence.cs,159,4,Vulnerability.Validation.EncodingRequired,0,3,System.Console.Write,TestCase_IOT_Instance_Val_Confidence.testLostNoValidationAvailable(string[]):void
csharp/SimpleIOT/TestCase_IOT_Instance_Val_Confidence.cs,170,3,Vulnerability.Info,3,3,System.IO.FileStream.FileStream,TestCase_IOT_Instance_Val_Confidence.getCoveredVulnerableSource(string):string
csharp/SimpleIOT/TestCase_IOT_Instance_Val_Confidence.cs,171,3,Vulnerability.Info,3,3,System.IO.StreamReader.StreamReader,TestCase_IOT_Instance_Val_Confidence.getCoveredVulnerableSource(string):string
csharp/SimpleIOT/TestCase_IOT_Instance_Val_Confidence.cs,172,3,Vulnerability.Info,3,3,System.Type.GetType,TestCase_IOT_Instance_Val_Confidence.getCoveredVulnerableSource(string):string
csharp/SimpleIOT/TestCase_IOT_Instance_Val_Confidence.cs,174,3,Vulnerability.Info,3,3,System.IO.Stream.Close,TestCase_IOT_Instance_Val_Confidence.getCoveredVulnerableSource(string):string
csharp/SimpleIOT/TestCase_IOT_Instance_Val_Confidence.cs,186,3,Vulnerability.Info,3,3,System.IO.FileStream.FileStream,TestCase_IOT_Instance_Val_Confidence.getUnCoveredVulnerableSource(string):string
csharp/SimpleIOT/TestCase_IOT_Instance_Val_Confidence.cs,187,3,Vulnerability.Info,3,3,System.IO.StreamReader.StreamReader,TestCase_IOT_Instance_Val_Confidence.getUnCoveredVulnerableSource(string):string
csharp/SimpleIOT/TestCase_IOT_Instance_Val_Confidence.cs,188,3,Vulnerability.Info,3,3,System.Type.GetType,TestCase_IOT_Instance_Val_Confidence.getUnCoveredVulnerableSource(string):string
csharp/SimpleIOT/TestCase_IOT_Instance_Val_Confidence.cs,190,3,Vulnerability.Info,3,3,System.IO.Stream.Close,TestCase_IOT_Instance_Val_Confidence.getUnCoveredVulnerableSource(string):string
csharp/SimpleIOT/TestCase_IOT_Instance_Val_Confidence.cs,196,3,Vulnerability.Info,3,3,System.IO.FileStream.FileStream,TestCase_IOT_Instance_Val_Confidence.writeToVulnerableSink(string;string):void
csharp/SimpleIOT/TestCase_IOT_Instance_Val_Confidence.cs,197,3,Vulnerability.Info,3,3,System.IO.StreamWriter.StreamWriter,TestCase_IOT_Instance_Val_Confidence.writeToVulnerableSink(string;string):void
csharp/SimpleIOT/TestCase_IOT_Instance_Val_Confidence.cs,198,3,Vulnerability.Validation.EncodingRequired,0,2,System.IO.TextWriter.Write,TestCase_IOT_Instance_Val_Confidence.writeToVulnerableSink(string;string):void
csharp/SimpleIOT/TestCase_IOT_Instance_Val_Confidence.cs,198,3,Vulnerability.Validation.EncodingRequired,0,2,System.IO.TextWriter.Write,TestCase_IOT_Instance_Val_Confidence.writeToVulnerableSink(string;string):void
csharp/SimpleIOT/TestCase_IOT_Instance_Val_Confidence.cs,198,3,Vulnerability.Validation.EncodingRequired,0,2,System.IO.TextWriter.Write,TestCase_IOT_Instance_Val_Confidence.writeToVulnerableSink(string;string):void
csharp/SimpleIOT/TestCase_IOT_Instance_Val_Confidence.cs,199,3,Vulnerability.Info,3,3,System.IO.TextWriter.Close,TestCase_IOT_Instance_Val_Confidence.writeToVulnerableSink(string;string):void
csharp/SimpleIOT/TestCase_IOT_Instance_Val_Confidence.cs,203,3,Vulnerability.Info,3,3,System.Environment.GetEnvironmentVariable,TestCase_IOT_Instance_Val_Confidence.writeToUnknownSink(string;string):void
csharp/SimpleIOT/TestCase_IOT_Instance_Val_Confidence.cs,208,13,Vulnerability.Logging.Required,2,3,System.Exception.Exception,TestCase_IOT_Instance_Val_Confidence.validate(string):void
csharp/SimpleIOT/TestCase_IOT_Instance_Val_Confidence.cs,43,4,Vulnerability.ErrorHandling.RevealDetails.StackTrace,0,2,System.Exception.get_StackTrace,TestCase_IOT_Instance_Val_Confidence.main(string[]):void
csharp/SimpleIOT/TestCase_IOT_Instance_Val_Confidence.cs,43,4,Vulnerability.Logging.Required,2,3,System.Exception.get_StackTrace,TestCase_IOT_Instance_Val_Confidence.main(string[]):void
csharp/SimpleIOT/TestCase_IOT_Instance_Val_Confidence.cs,43,4,Vulnerability.Validation.EncodingRequired,0,3,System.Console.Write,TestCase_IOT_Instance_Val_Confidence.main(string[]):void
csharp/SimpleIOT/TestCase_IOT_Instance_Val_Confidence.cs,63,4,Vulnerability.ErrorHandling.RevealDetails.StackTrace,0,2,System.Exception.get_StackTrace,TestCase_IOT_Instance_Val_Confidence.testSinkValidated(string[]):void
csharp/SimpleIOT/TestCase_IOT_Instance_Val_Confidence.cs,63,4,Vulnerability.Logging.Required,2,3,System.Exception.get_StackTrace,TestCase_IOT_Instance_Val_Confidence.testSinkValidated(string[]):void
csharp/SimpleIOT/TestCase_IOT_Instance_Val_Confidence.cs,63,4,Vulnerability.Validation.EncodingRequired,0,3,System.Console.Write,TestCase_IOT_Instance_Val_Confidence.testSinkValidated(string[]):void
csharp/SimpleIOT/TestCase_IOT_Instance_Val_Confidence.cs,82,4,Vulnerability.ErrorHandling.RevealDetails.StackTrace,0,2,System.Exception.get_StackTrace,TestCase_IOT_Instance_Val_Confidence.testSinkValidationNotUsed(string[]):void
csharp/SimpleIOT/TestCase_IOT_Instance_Val_Confidence.cs,82,4,Vulnerability.Logging.Required,2,3,System.Exception.get_StackTrace,TestCase_IOT_Instance_Val_Confidence.testSinkValidationNotUsed(string[]):void
csharp/SimpleIOT/TestCase_IOT_Instance_Val_Confidence.cs,82,4,Vulnerability.Validation.EncodingRequired,0,3,System.Console.Write,TestCase_IOT_Instance_Val_Confidence.testSinkValidationNotUsed(string[]):void
csharp/SimpleIOT/TestCase_IOT_Instance_Val_Encode.cs,23,4,Vulnerability.ErrorHandling.RevealDetails.StackTrace,0,2,System.Exception.get_StackTrace,TestCase_IOT_Instance_Val_Encode.main(string[]):void
csharp/SimpleIOT/TestCase_IOT_Instance_Val_Encode.cs,23,4,Vulnerability.Logging.Required,2,3,System.Exception.get_StackTrace,TestCase_IOT_Instance_Val_Encode.main(string[]):void
csharp/SimpleIOT/TestCase_IOT_Instance_Val_Encode.cs,23,4,Vulnerability.Validation.EncodingRequired,0,3,System.Console.Write,TestCase_IOT_Instance_Val_Encode.main(string[]):void
csharp/SimpleIOT/TestCase_IOT_Instance_Val_Encode.cs,28,3,Vulnerability.Info,3,3,System.IO.FileStream.FileStream,TestCase_IOT_Instance_Val_Encode.getVulnerableSource(string):string
csharp/SimpleIOT/TestCase_IOT_Instance_Val_Encode.cs,29,3,Vulnerability.Info,3,3,System.IO.StreamReader.StreamReader,TestCase_IOT_Instance_Val_Encode.getVulnerableSource(string):string
csharp/SimpleIOT/TestCase_IOT_Instance_Val_Encode.cs,30,3,Vulnerability.Info,3,3,System.Type.GetType,TestCase_IOT_Instance_Val_Encode.getVulnerableSource(string):string
csharp/SimpleIOT/TestCase_IOT_Instance_Val_Encode.cs,32,3,Vulnerability.Info,3,3,System.IO.Stream.Close,TestCase_IOT_Instance_Val_Encode.getVulnerableSource(string):string
csharp/SimpleIOT/TestCase_IOT_Instance_Val_Encode.cs,38,3,Vulnerability.Info,3,3,System.IO.FileStream.FileStream,TestCase_IOT_Instance_Val_Encode.writeToVulnerableSink(string;string):void
csharp/SimpleIOT/TestCase_IOT_Instance_Val_Encode.cs,39,3,Vulnerability.Info,3,3,System.IO.StreamWriter.StreamWriter,TestCase_IOT_Instance_Val_Encode.writeToVulnerableSink(string;string):void
csharp/SimpleIOT/TestCase_IOT_Instance_Val_Encode.cs,40,3,Vulnerability.Validation.EncodingRequired,0,2,System.IO.TextWriter.Write,TestCase_IOT_Instance_Val_Encode.writeToVulnerableSink(string;string):void
csharp/SimpleIOT/TestCase_IOT_Instance_Val_Encode.cs,41,3,Vulnerability.Info,3,3,System.IO.TextWriter.Close,TestCase_IOT_Instance_Val_Encode.writeToVulnerableSink(string;string):void
csharp/SimpleIOT/TestCase_IOT_Instance_Val_Encode.cs,46,13,Vulnerability.Logging.Required,2,3,System.Exception.Exception,TestCase_IOT_Instance_Val_Encode.validate(string):void
csharp/SimpleIOT/TestCase_IOT_Instance.cs,21,4,Vulnerability.ErrorHandling.RevealDetails.StackTrace,0,2,System.Exception.get_StackTrace,TestCase_IOT_Instance.main(string[]):void
csharp/SimpleIOT/TestCase_IOT_Instance.cs,21,4,Vulnerability.Logging.Required,2,3,System.Exception.get_StackTrace,TestCase_IOT_Instance.main(string[]):void
csharp/SimpleIOT/TestCase_IOT_Instance.cs,21,4,Vulnerability.Validation.EncodingRequired,0,3,System.Console.Write,TestCase_IOT_Instance.main(string[]):void
csharp/SimpleIOT/TestCase_IOT_Instance.cs,26,3,Vulnerability.Info,3,3,System.IO.FileStream.FileStream,TestCase_IOT_Instance.getVulnerableSource(string):string
csharp/SimpleIOT/TestCase_IOT_Instance.cs,27,3,Vulnerability.Info,3,3,System.IO.StreamReader.StreamReader,TestCase_IOT_Instance.getVulnerableSource(string):string
csharp/SimpleIOT/TestCase_IOT_Instance.cs,28,3,Vulnerability.Info,3,3,System.Type.GetType,TestCase_IOT_Instance.getVulnerableSource(string):string
csharp/SimpleIOT/TestCase_IOT_Instance.cs,30,3,Vulnerability.Info,3,3,System.IO.Stream.Close,TestCase_IOT_Instance.getVulnerableSource(string):string
csharp/SimpleIOT/TestCase_IOT_Instance.cs,36,3,Vulnerability.Info,3,3,System.IO.FileStream.FileStream,TestCase_IOT_Instance.writeToVulnerableSink(string):void
csharp/SimpleIOT/TestCase_IOT_Instance.cs,37,3,Vulnerability.Info,3,3,System.IO.StreamWriter.StreamWriter,TestCase_IOT_Instance.writeToVulnerableSink(string):void
csharp/SimpleIOT/TestCase_IOT_Instance.cs,38,3,Vulnerability.Validation.EncodingRequired,0,2,System.IO.TextWriter.Write,TestCase_IOT_Instance.writeToVulnerableSink(string):void
csharp/SimpleIOT/TestCase_IOT_Instance.cs,39,3,Vulnerability.Info,3,3,System.IO.TextWriter.Close,TestCase_IOT_Instance.writeToVulnerableSink(string):void
csharp/SimpleIOT/TestCase_IOT_List.cs,22,4,Vulnerability.ErrorHandling.RevealDetails.StackTrace,0,2,System.Exception.get_StackTrace,TestCase_IOT_List.main(string[]):void
csharp/SimpleIOT/TestCase_IOT_List.cs,22,4,Vulnerability.Logging.Required,2,3,System.Exception.get_StackTrace,TestCase_IOT_List.main(string[]):void
csharp/SimpleIOT/TestCase_IOT_List.cs,22,4,Vulnerability.Validation.EncodingRequired,0,3,System.Console.Write,TestCase_IOT_List.main(string[]):void
csharp/SimpleIOT/TestCase_IOT_List.cs,27,3,Vulnerability.Info,3,3,System.IO.FileStream.FileStream,TestCase_IOT_List.getVulnerableSource(string):string
csharp/SimpleIOT/TestCase_IOT_List.cs,28,3,Vulnerability.Info,3,3,System.IO.StreamReader.StreamReader,TestCase_IOT_List.getVulnerableSource(string):string
csharp/SimpleIOT/TestCase_IOT_List.cs,29,3,Vulnerability.Info,3,3,System.Type.GetType,TestCase_IOT_List.getVulnerableSource(string):string
csharp/SimpleIOT/TestCase_IOT_List.cs,31,3,Vulnerability.Info,3,3,System.IO.Stream.Close,TestCase_IOT_List.getVulnerableSource(string):string
csharp/SimpleIOT/TestCase_IOT_List.cs,37,3,Vulnerability.Info,3,3,System.IO.FileStream.FileStream,TestCase_IOT_List.writeToVulnerableSink(string;System.Collections.IList):void
csharp/SimpleIOT/TestCase_IOT_List.cs,38,3,Vulnerability.Info,3,3,System.IO.StreamWriter.StreamWriter,TestCase_IOT_List.writeToVulnerableSink(string;System.Collections.IList):void
csharp/SimpleIOT/TestCase_IOT_List.cs,41,4,Vulnerability.Validation.EncodingRequired,0,2,System.IO.TextWriter.Write,TestCase_IOT_List.writeToVulnerableSink(string;System.Collections.IList):void
csharp/SimpleIOT/TestCase_IOT_List.cs,43,3,Vulnerability.Info,3,3,System.IO.TextWriter.Close,TestCase_IOT_List.writeToVulnerableSink(string;System.Collections.IList):void
csharp/SimpleIOT/TestCase_IOT_Looping.cs,34,4,Vulnerability.ErrorHandling.RevealDetails.StackTrace,0,2,System.Exception.get_StackTrace,TestCase_IOT_Looping.main(string[]):void
csharp/SimpleIOT/TestCase_IOT_Looping.cs,34,4,Vulnerability.Logging.Required,2,3,System.Exception.get_StackTrace,TestCase_IOT_Looping.main(string[]):void
csharp/SimpleIOT/TestCase_IOT_Looping.cs,34,4,Vulnerability.Validation.EncodingRequired,0,3,System.Console.Write,TestCase_IOT_Looping.main(string[]):void
csharp/SimpleIOT/TestCase_IOT_Looping.cs,39,3,Vulnerability.Info,3,3,System.IO.FileStream.FileStream,TestCase_IOT_Looping.getVulnerableSource(string):string
csharp/SimpleIOT/TestCase_IOT_Looping.cs,40,3,Vulnerability.Info,3,3,System.IO.StreamReader.StreamReader,TestCase_IOT_Looping.getVulnerableSource(string):string
csharp/SimpleIOT/TestCase_IOT_Looping.cs,41,3,Vulnerability.Info,3,3,System.Type.GetType,TestCase_IOT_Looping.getVulnerableSource(string):string
csharp/SimpleIOT/TestCase_IOT_Looping.cs,43,3,Vulnerability.Info,3,3,System.IO.Stream.Close,TestCase_IOT_Looping.getVulnerableSource(string):string
csharp/SimpleIOT/TestCase_IOT_Looping.cs,49,3,Vulnerability.Info,3,3,System.IO.FileStream.FileStream,TestCase_IOT_Looping.writeToVulnerableSink(string):void
csharp/SimpleIOT/TestCase_IOT_Looping.cs,50,3,Vulnerability.Info,3,3,System.IO.StreamWriter.StreamWriter,TestCase_IOT_Looping.writeToVulnerableSink(string):void
csharp/SimpleIOT/TestCase_IOT_Looping.cs,51,3,Vulnerability.Validation.EncodingRequired,0,2,System.IO.TextWriter.Write,TestCase_IOT_Looping.writeToVulnerableSink(string):void
csharp/SimpleIOT/TestCase_IOT_Looping.cs,52,3,Vulnerability.Info,3,3,System.IO.TextWriter.Close,TestCase_IOT_Looping.writeToVulnerableSink(string):void
csharp/SimpleIOT/TestCase_IOT_Looping.cs,56,3,Vulnerability.Info,3,3,System.IO.FileStream.FileStream,TestCase_IOT_Looping.writeToVulnerableSink2(string):void
csharp/SimpleIOT/TestCase_IOT_Looping.cs,57,3,Vulnerability.Info,3,3,System.IO.StreamWriter.StreamWriter,TestCase_IOT_Looping.writeToVulnerableSink2(string):void
csharp/SimpleIOT/TestCase_IOT_Looping.cs,58,3,Vulnerability.Validation.EncodingRequired,0,2,System.IO.TextWriter.Write,TestCase_IOT_Looping.writeToVulnerableSink2(string):void
csharp/SimpleIOT/TestCase_IOT_Looping.cs,59,3,Vulnerability.Info,3,3,System.IO.TextWriter.Close,TestCase_IOT_Looping.writeToVulnerableSink2(string):void
csharp/SimpleIOT/TestCase_IOT_Lost_Instance.cs,22,4,Vulnerability.ErrorHandling.RevealDetails.StackTrace,0,2,System.Exception.get_StackTrace,TestCase_IOT_Lost_Instance.main(string[]):void
csharp/SimpleIOT/TestCase_IOT_Lost_Instance.cs,22,4,Vulnerability.Logging.Required,2,3,System.Exception.get_StackTrace,TestCase_IOT_Lost_Instance.main(string[]):void
csharp/SimpleIOT/TestCase_IOT_Lost_Instance.cs,22,4,Vulnerability.Validation.EncodingRequired,0,3,System.Console.Write,TestCase_IOT_Lost_Instance.main(string[]):void
csharp/SimpleIOT/TestCase_IOT_Lost_Instance.cs,27,3,Vulnerability.Info,3,3,System.IO.FileStream.FileStream,TestCase_IOT_Lost_Instance.getVulnerableSource(string):string
csharp/SimpleIOT/TestCase_IOT_Lost_Instance.cs,28,3,Vulnerability.Info,3,3,System.IO.StreamReader.StreamReader,TestCase_IOT_Lost_Instance.getVulnerableSource(string):string
csharp/SimpleIOT/TestCase_IOT_Lost_Instance.cs,29,3,Vulnerability.Info,3,3,System.Type.GetType,TestCase_IOT_Lost_Instance.getVulnerableSource(string):string
csharp/SimpleIOT/TestCase_IOT_Lost_Instance.cs,31,3,Vulnerability.Info,3,3,System.IO.Stream.Close,TestCase_IOT_Lost_Instance.getVulnerableSource(string):string
csharp/SimpleIOT/TestCase_IOT_Lost_Instance.cs,37,3,Vulnerability.Info,3,3,System.Resources.ResourceWriter.ResourceWriter,TestCase_IOT_Lost_Instance.writeToUnknownSink(string;string):void
csharp/SimpleIOT/TestCase_IOT_Lost_Instance.cs,38,3,Vulnerability.Validation.Required,2,2,System.Resources.ResourceWriter.AddResource,TestCase_IOT_Lost_Instance.writeToUnknownSink(string;string):void
csharp/SimpleIOT/TestCase_IOT_Lost_MemberTaint.cs,53,4,Vulnerability.ErrorHandling.RevealDetails.StackTrace,0,2,System.Exception.get_StackTrace,TestCase_IOT_Lost_MemberTaint.main(string[]):void
csharp/SimpleIOT/TestCase_IOT_Lost_MemberTaint.cs,53,4,Vulnerability.Logging.Required,2,3,System.Exception.get_StackTrace,TestCase_IOT_Lost_MemberTaint.main(string[]):void
csharp/SimpleIOT/TestCase_IOT_Lost_MemberTaint.cs,53,4,Vulnerability.Validation.EncodingRequired,0,3,System.Console.Write,TestCase_IOT_Lost_MemberTaint.main(string[]):void
csharp/SimpleIOT/TestCase_IOT_Lost_MemberTaint.cs,58,3,Vulnerability.Info,3,3,System.IO.FileStream.FileStream,TestCase_IOT_Lost_MemberTaint.getVulnerableSource(string):string
csharp/SimpleIOT/TestCase_IOT_Lost_MemberTaint.cs,59,3,Vulnerability.Info,3,3,System.IO.StreamReader.StreamReader,TestCase_IOT_Lost_MemberTaint.getVulnerableSource(string):string
csharp/SimpleIOT/TestCase_IOT_Lost_MemberTaint.cs,60,3,Vulnerability.Info,3,3,System.Type.GetType,TestCase_IOT_Lost_MemberTaint.getVulnerableSource(string):string
csharp/SimpleIOT/TestCase_IOT_Lost_MemberTaint.cs,61,3,Vulnerability.Validation.Required,1,3,System.IO.TextReader.Read,TestCase_IOT_Lost_MemberTaint.getVulnerableSource(string):string
csharp/SimpleIOT/TestCase_IOT_Lost_MemberTaint.cs,62,3,Vulnerability.Info,3,3,System.IO.Stream.Close,TestCase_IOT_Lost_MemberTaint.getVulnerableSource(string):string
csharp/SimpleIOT/TestCase_IOT_Lost_MemberTaint.cs,68,3,Vulnerability.Info,3,3,System.Resources.ResourceWriter.ResourceWriter,TestCase_IOT_Lost_MemberTaint.writeToUnknownSink1(string;string):void
csharp/SimpleIOT/TestCase_IOT_Lost_MemberTaint.cs,69,3,Vulnerability.Validation.Required,2,2,System.Resources.ResourceWriter.AddResource,TestCase_IOT_Lost_MemberTaint.writeToUnknownSink1(string;string):void
csharp/SimpleIOT/TestCase_IOT_Lost_MemberTaint.cs,73,3,Vulnerability.Info,3,3,System.Windows.Forms.MessageBox.Show,TestCase_IOT_Lost_MemberTaint.writeToUnknownSink2(string):void
csharp/SimpleIOT/TestCase_IOT_Lost_MemberTaint.cs,77,3,Vulnerability.Info,3,3,System.Resources.ResourceWriter.ResourceWriter,TestCase_IOT_Lost_MemberTaint.writeToUnknownSink3(string;string):void
csharp/SimpleIOT/TestCase_IOT_Lost_MemberTaint.cs,78,3,Vulnerability.Validation.Required,2,2,System.Resources.ResourceWriter.AddResource,TestCase_IOT_Lost_MemberTaint.writeToUnknownSink3(string;string):void
csharp/SimpleIOT/TestCase_IOT_Lost_XFile_Part1.cs,24,4,Vulnerability.ErrorHandling.RevealDetails.StackTrace,0,2,System.Exception.get_StackTrace,TestCase_IOT_Lost_XFile_Part1.main(string[]):void
csharp/SimpleIOT/TestCase_IOT_Lost_XFile_Part1.cs,24,4,Vulnerability.Logging.Required,2,3,System.Exception.get_StackTrace,TestCase_IOT_Lost_XFile_Part1.main(string[]):void
csharp/SimpleIOT/TestCase_IOT_Lost_XFile_Part1.cs,24,4,Vulnerability.Validation.EncodingRequired,0,3,System.Console.Write,TestCase_IOT_Lost_XFile_Part1.main(string[]):void
csharp/SimpleIOT/TestCase_IOT_Lost_XFile_Part1.cs,29,3,Vulnerability.Info,3,3,System.IO.FileStream.FileStream,TestCase_IOT_Lost_XFile_Part1.getVulnerableSource(string):string
csharp/SimpleIOT/TestCase_IOT_Lost_XFile_Part1.cs,30,3,Vulnerability.Info,3,3,System.IO.StreamReader.StreamReader,TestCase_IOT_Lost_XFile_Part1.getVulnerableSource(string):string
csharp/SimpleIOT/TestCase_IOT_Lost_XFile_Part1.cs,31,3,Vulnerability.Info,3,3,System.Type.GetType,TestCase_IOT_Lost_XFile_Part1.getVulnerableSource(string):string
csharp/SimpleIOT/TestCase_IOT_Lost_XFile_Part1.cs,33,3,Vulnerability.Info,3,3,System.IO.Stream.Close,TestCase_IOT_Lost_XFile_Part1.getVulnerableSource(string):string
csharp/SimpleIOT/TestCase_IOT_Lost_XFile_Part2.cs,10,3,Vulnerability.Info,3,3,System.Resources.ResourceWriter.ResourceWriter,TestCase_IOT_Lost_XFile_Part2.writeToUnknownSink(string;string):void
csharp/SimpleIOT/TestCase_IOT_Lost_XFile_Part2.cs,11,3,Vulnerability.Validation.Required,2,2,System.Resources.ResourceWriter.AddResource,TestCase_IOT_Lost_XFile_Part2.writeToUnknownSink(string;string):void
csharp/SimpleIOT/TestCase_IOT_MediumCallStack.cs,19,4,Vulnerability.ErrorHandling.RevealDetails.StackTrace,0,2,System.Exception.get_StackTrace,TestCase_IOT_MediumCallStack.main(string[]):void
csharp/SimpleIOT/TestCase_IOT_MediumCallStack.cs,19,4,Vulnerability.Logging.Required,2,3,System.Exception.get_StackTrace,TestCase_IOT_MediumCallStack.main(string[]):void
csharp/SimpleIOT/TestCase_IOT_MediumCallStack.cs,19,4,Vulnerability.Validation.EncodingRequired,0,3,System.Console.Write,TestCase_IOT_MediumCallStack.main(string[]):void
csharp/SimpleIOT/TestCase_IOT_MediumCallStack.cs,36,3,Vulnerability.Info,3,3,System.IO.FileStream.FileStream,TestCase_IOT_MediumCallStack.readBufFromFile(string):byte[]
csharp/SimpleIOT/TestCase_IOT_MediumCallStack.cs,44,9,Vulnerability.Info,3,3,System.IO.Stream.Close,TestCase_IOT_MediumCallStack.readIntoBuf(System.IO.FileStream;byte[]):void
csharp/SimpleIOT/TestCase_IOT_MediumCallStack.cs,48,9,Vulnerability.Info,3,3,System.Type.GetType,TestCase_IOT_MediumCallStack.getBuffer():byte[]
csharp/SimpleIOT/TestCase_IOT_MediumCallStack.cs,52,9,Vulnerability.Validation.EncodingRequired,0,2,System.IO.TextWriter.Write,TestCase_IOT_MediumCallStack.writeToVulnerableSink(string):void
csharp/SimpleIOT/TestCase_IOT_MediumCallStack.cs,52,9,Vulnerability.Validation.EncodingRequired,0,2,System.IO.TextWriter.Write,TestCase_IOT_MediumCallStack.writeToVulnerableSink(string):void
csharp/SimpleIOT/TestCase_IOT_MediumCallStack.cs,56,9,Vulnerability.Info,3,3,System.IO.StreamWriter.StreamWriter,TestCase_IOT_MediumCallStack.createWriter(string):System.IO.StreamWriter
csharp/SimpleIOT/TestCase_IOT_MediumCallStack.cs,60,9,Vulnerability.Info,3,3,System.IO.FileStream.FileStream,TestCase_IOT_MediumCallStack.createFileOutput(string):System.IO.FileStream
csharp/SimpleIOT/TestCase_IOT_MemberTaint_OutParam.cs,47,4,Vulnerability.ErrorHandling.RevealDetails.StackTrace,0,2,System.Exception.get_StackTrace,TestCase_IOT_MemberTaint_OutParam.main(string[]):void
csharp/SimpleIOT/TestCase_IOT_MemberTaint_OutParam.cs,47,4,Vulnerability.Logging.Required,2,3,System.Exception.get_StackTrace,TestCase_IOT_MemberTaint_OutParam.main(string[]):void
csharp/SimpleIOT/TestCase_IOT_MemberTaint_OutParam.cs,47,4,Vulnerability.Validation.EncodingRequired,0,3,System.Console.Write,TestCase_IOT_MemberTaint_OutParam.main(string[]):void
csharp/SimpleIOT/TestCase_IOT_MemberTaint_OutParam.cs,52,3,Vulnerability.Info,3,3,System.IO.FileStream.FileStream,TestCase_IOT_MemberTaint_OutParam.getVulnerableSource(string):string
csharp/SimpleIOT/TestCase_IOT_MemberTaint_OutParam.cs,53,3,Vulnerability.Info,3,3,System.IO.StreamReader.StreamReader,TestCase_IOT_MemberTaint_OutParam.getVulnerableSource(string):string
csharp/SimpleIOT/TestCase_IOT_MemberTaint_OutParam.cs,54,3,Vulnerability.Info,3,3,System.Type.GetType,TestCase_IOT_MemberTaint_OutParam.getVulnerableSource(string):string
csharp/SimpleIOT/TestCase_IOT_MemberTaint_OutParam.cs,56,3,Vulnerability.Info,3,3,System.IO.Stream.Close,TestCase_IOT_MemberTaint_OutParam.getVulnerableSource(string):string
csharp/SimpleIOT/TestCase_IOT_MemberTaint_OutParam.cs,66,3,Vulnerability.Info,3,3,System.IO.FileStream.FileStream,TestCase_IOT_MemberTaint_OutParam.writeToVulnerableSink1(string;TestCase_IOT_MemberTaint_OutParam+TaintedStruct):void
csharp/SimpleIOT/TestCase_IOT_MemberTaint_OutParam.cs,67,3,Vulnerability.Info,3,3,System.IO.StreamWriter.StreamWriter,TestCase_IOT_MemberTaint_OutParam.writeToVulnerableSink1(string;TestCase_IOT_MemberTaint_OutParam+TaintedStruct):void
csharp/SimpleIOT/TestCase_IOT_MemberTaint_OutParam.cs,68,9,Vulnerability.Validation.EncodingRequired,0,2,System.IO.TextWriter.Write,TestCase_IOT_MemberTaint_OutParam.writeToVulnerableSink1(string;TestCase_IOT_MemberTaint_OutParam+TaintedStruct):void
csharp/SimpleIOT/TestCase_IOT_MemberTaint_OutParam.cs,76,3,Vulnerability.Info,3,3,System.IO.FileStream.FileStream,TestCase_IOT_MemberTaint_OutParam.writeToVulnerableSink2(string;TestCase_IOT_MemberTaint_OutParam+TaintedStruct):void
csharp/SimpleIOT/TestCase_IOT_MemberTaint_OutParam.cs,77,3,Vulnerability.Info,3,3,System.IO.StreamWriter.StreamWriter,TestCase_IOT_MemberTaint_OutParam.writeToVulnerableSink2(string;TestCase_IOT_MemberTaint_OutParam+TaintedStruct):void
csharp/SimpleIOT/TestCase_IOT_MemberTaint_OutParam.cs,78,3,Vulnerability.Validation.EncodingRequired,0,2,System.IO.TextWriter.Write,TestCase_IOT_MemberTaint_OutParam.writeToVulnerableSink2(string;TestCase_IOT_MemberTaint_OutParam+TaintedStruct):void
csharp/SimpleIOT/TestCase_IOT_MemberTaint_OutParam.cs,79,3,Vulnerability.Info,3,3,System.IO.TextWriter.Close,TestCase_IOT_MemberTaint_OutParam.writeToVulnerableSink2(string;TestCase_IOT_MemberTaint_OutParam+TaintedStruct):void
csharp/SimpleIOT/TestCase_IOT_MemberTaint.cs,51,4,Vulnerability.ErrorHandling.RevealDetails.StackTrace,0,2,System.Exception.get_StackTrace,TestCase_IOT_MemberTaint.main(string[]):void
csharp/SimpleIOT/TestCase_IOT_MemberTaint.cs,51,4,Vulnerability.Logging.Required,2,3,System.Exception.get_StackTrace,TestCase_IOT_MemberTaint.main(string[]):void
csharp/SimpleIOT/TestCase_IOT_MemberTaint.cs,51,4,Vulnerability.Validation.EncodingRequired,0,3,System.Console.Write,TestCase_IOT_MemberTaint.main(string[]):void
csharp/SimpleIOT/TestCase_IOT_MemberTaint.cs,56,3,Vulnerability.Info,3,3,System.IO.FileStream.FileStream,TestCase_IOT_MemberTaint.getVulnerableSource(string):string
csharp/SimpleIOT/TestCase_IOT_MemberTaint.cs,57,3,Vulnerability.Info,3,3,System.IO.StreamReader.StreamReader,TestCase_IOT_MemberTaint.getVulnerableSource(string):string
csharp/SimpleIOT/TestCase_IOT_MemberTaint.cs,58,3,Vulnerability.Info,3,3,System.Type.GetType,TestCase_IOT_MemberTaint.getVulnerableSource(string):string
csharp/SimpleIOT/TestCase_IOT_MemberTaint.cs,60,3,Vulnerability.Info,3,3,System.IO.Stream.Close,TestCase_IOT_MemberTaint.getVulnerableSource(string):string
csharp/SimpleIOT/TestCase_IOT_MemberTaint.cs,66,3,Vulnerability.Info,3,3,System.IO.FileStream.FileStream,TestCase_IOT_MemberTaint.writeToVulnerableSink1(string):void
csharp/SimpleIOT/TestCase_IOT_MemberTaint.cs,67,3,Vulnerability.Info,3,3,System.IO.StreamWriter.StreamWriter,TestCase_IOT_MemberTaint.writeToVulnerableSink1(string):void
csharp/SimpleIOT/TestCase_IOT_MemberTaint.cs,68,3,Vulnerability.Validation.EncodingRequired,0,2,System.IO.TextWriter.Write,TestCase_IOT_MemberTaint.writeToVulnerableSink1(string):void
csharp/SimpleIOT/TestCase_IOT_MemberTaint.cs,69,3,Vulnerability.Info,3,3,System.IO.TextWriter.Close,TestCase_IOT_MemberTaint.writeToVulnerableSink1(string):void
csharp/SimpleIOT/TestCase_IOT_MemberTaint.cs,73,9,Vulnerability.Info,3,3,System.IO.FileStream.FileStream,TestCase_IOT_MemberTaint.writeToVulnerableSink2(string):void
csharp/SimpleIOT/TestCase_IOT_MemberTaint.cs,74,3,Vulnerability.Info,3,3,System.IO.StreamWriter.StreamWriter,TestCase_IOT_MemberTaint.writeToVulnerableSink2(string):void
csharp/SimpleIOT/TestCase_IOT_MemberTaint.cs,75,9,Vulnerability.Validation.EncodingRequired,1,2,System.IO.TextWriter.Write,TestCase_IOT_MemberTaint.writeToVulnerableSink2(string):void
csharp/SimpleIOT/TestCase_IOT_MemberTaint.cs,79,9,Vulnerability.Info,3,3,System.IO.FileStream.FileStream,TestCase_IOT_MemberTaint.writeToVulnerableSink3(string):void
csharp/SimpleIOT/TestCase_IOT_MemberTaint.cs,80,3,Vulnerability.Info,3,3,System.IO.StreamWriter.StreamWriter,TestCase_IOT_MemberTaint.writeToVulnerableSink3(string):void
csharp/SimpleIOT/TestCase_IOT_MemberTaint.cs,81,9,Vulnerability.Validation.EncodingRequired,0,2,System.IO.TextWriter.Write,TestCase_IOT_MemberTaint.writeToVulnerableSink3(string):void
csharp/SimpleIOT/TestCase_IOT_OverlapTrace.cs,21,4,Vulnerability.ErrorHandling.RevealDetails.StackTrace,0,2,System.Exception.get_StackTrace,TestCase_IOT_OverlapTrace.main(string[]):void
csharp/SimpleIOT/TestCase_IOT_OverlapTrace.cs,21,4,Vulnerability.Logging.Required,2,3,System.Exception.get_StackTrace,TestCase_IOT_OverlapTrace.main(string[]):void
csharp/SimpleIOT/TestCase_IOT_OverlapTrace.cs,21,4,Vulnerability.Validation.EncodingRequired,0,3,System.Console.Write,TestCase_IOT_OverlapTrace.main(string[]):void
csharp/SimpleIOT/TestCase_IOT_OverlapTrace.cs,26,3,Vulnerability.Info,3,3,System.IO.FileStream.FileStream,TestCase_IOT_OverlapTrace.readFromVulnerableSource(string):string
csharp/SimpleIOT/TestCase_IOT_OverlapTrace.cs,27,3,Vulnerability.Info,3,3,System.IO.StreamReader.StreamReader,TestCase_IOT_OverlapTrace.readFromVulnerableSource(string):string
csharp/SimpleIOT/TestCase_IOT_OverlapTrace.cs,28,3,Vulnerability.Info,3,3,System.Type.GetType,TestCase_IOT_OverlapTrace.readFromVulnerableSource(string):string
csharp/SimpleIOT/TestCase_IOT_OverlapTrace.cs,30,3,Vulnerability.Info,3,3,System.IO.Stream.Close,TestCase_IOT_OverlapTrace.readFromVulnerableSource(string):string
csharp/SimpleIOT/TestCase_IOT_OverlapTrace.cs,43,3,Vulnerability.Info,3,3,System.IO.FileStream.FileStream,TestCase_IOT_OverlapTrace.writeToVulnerableSink(string):void
csharp/SimpleIOT/TestCase_IOT_OverlapTrace.cs,44,3,Vulnerability.Info,3,3,System.IO.StreamWriter.StreamWriter,TestCase_IOT_OverlapTrace.writeToVulnerableSink(string):void
csharp/SimpleIOT/TestCase_IOT_OverlapTrace.cs,45,3,Vulnerability.Validation.EncodingRequired,0,2,System.IO.TextWriter.Write,TestCase_IOT_OverlapTrace.writeToVulnerableSink(string):void
csharp/SimpleIOT/TestCase_IOT_OverlapTrace.cs,45,3,Vulnerability.Validation.EncodingRequired,0,2,System.IO.TextWriter.Write,TestCase_IOT_OverlapTrace.writeToVulnerableSink(string):void
csharp/SimpleIOT/TestCase_IOT_OverlapTrace.cs,46,3,Vulnerability.Info,3,3,System.IO.TextWriter.Close,TestCase_IOT_OverlapTrace.writeToVulnerableSink(string):void
csharp/SimpleIOT/TestCase_IOT_Recursion.cs,20,4,Vulnerability.ErrorHandling.RevealDetails.StackTrace,0,2,System.Exception.get_StackTrace,TestCase_IOT_Recursion.main(string[]):void
csharp/SimpleIOT/TestCase_IOT_Recursion.cs,20,4,Vulnerability.Logging.Required,2,3,System.Exception.get_StackTrace,TestCase_IOT_Recursion.main(string[]):void
csharp/SimpleIOT/TestCase_IOT_Recursion.cs,20,4,Vulnerability.Validation.EncodingRequired,0,3,System.Console.Write,TestCase_IOT_Recursion.main(string[]):void
csharp/SimpleIOT/TestCase_IOT_Recursion.cs,25,3,Vulnerability.Info,3,3,System.IO.FileStream.FileStream,TestCase_IOT_Recursion.readFromVulnerableSource(string):string
csharp/SimpleIOT/TestCase_IOT_Recursion.cs,26,3,Vulnerability.Info,3,3,System.IO.StreamReader.StreamReader,TestCase_IOT_Recursion.readFromVulnerableSource(string):string
csharp/SimpleIOT/TestCase_IOT_Recursion.cs,27,3,Vulnerability.Info,3,3,System.Type.GetType,TestCase_IOT_Recursion.readFromVulnerableSource(string):string
csharp/SimpleIOT/TestCase_IOT_Recursion.cs,29,3,Vulnerability.Info,3,3,System.IO.Stream.Close,TestCase_IOT_Recursion.readFromVulnerableSource(string):string
csharp/SimpleIOT/TestCase_IOT_Recursion.cs,49,3,Vulnerability.Info,3,3,System.IO.FileStream.FileStream,TestCase_IOT_Recursion.writeToVulnerableSink(string):void
csharp/SimpleIOT/TestCase_IOT_Recursion.cs,50,3,Vulnerability.Info,3,3,System.IO.StreamWriter.StreamWriter,TestCase_IOT_Recursion.writeToVulnerableSink(string):void
csharp/SimpleIOT/TestCase_IOT_Recursion.cs,51,3,Vulnerability.Validation.EncodingRequired,0,2,System.IO.TextWriter.Write,TestCase_IOT_Recursion.writeToVulnerableSink(string):void
csharp/SimpleIOT/TestCase_IOT_Recursion.cs,52,9,Vulnerability.Info,3,3,System.IO.TextWriter.Close,TestCase_IOT_Recursion.writeToVulnerableSink(string):void
csharp/SimpleIOT/TestCase_IOT_Simple_Validation.cs,18,4,Vulnerability.ErrorHandling.RevealDetails.StackTrace,0,2,System.Exception.get_StackTrace,TestCase_IOT_Simple_Validation.main(string[]):void
csharp/SimpleIOT/TestCase_IOT_Simple_Validation.cs,18,4,Vulnerability.Logging.Required,2,3,System.Exception.get_StackTrace,TestCase_IOT_Simple_Validation.main(string[]):void
csharp/SimpleIOT/TestCase_IOT_Simple_Validation.cs,18,4,Vulnerability.Validation.EncodingRequired,0,3,System.Console.Write,TestCase_IOT_Simple_Validation.main(string[]):void
csharp/SimpleIOT/TestCase_IOT_Simple_Validation.cs,39,4,Vulnerability.ErrorHandling.RevealDetails.StackTrace,0,2,System.Exception.get_StackTrace,TestCase_IOT_Simple_Validation.testSinkValidated(string[]):void
csharp/SimpleIOT/TestCase_IOT_Simple_Validation.cs,39,4,Vulnerability.Logging.Required,2,3,System.Exception.get_StackTrace,TestCase_IOT_Simple_Validation.testSinkValidated(string[]):void
csharp/SimpleIOT/TestCase_IOT_Simple_Validation.cs,39,4,Vulnerability.Validation.EncodingRequired,0,3,System.Console.Write,TestCase_IOT_Simple_Validation.testSinkValidated(string[]):void
csharp/SimpleIOT/TestCase_IOT_Simple_Validation.cs,50,3,Vulnerability.Info,3,3,System.IO.FileStream.FileStream,TestCase_IOT_Simple_Validation.getCoveredVulnerableSource(string):string
csharp/SimpleIOT/TestCase_IOT_Simple_Validation.cs,51,3,Vulnerability.Info,3,3,System.IO.StreamReader.StreamReader,TestCase_IOT_Simple_Validation.getCoveredVulnerableSource(string):string
csharp/SimpleIOT/TestCase_IOT_Simple_Validation.cs,52,3,Vulnerability.Info,3,3,System.Type.GetType,TestCase_IOT_Simple_Validation.getCoveredVulnerableSource(string):string
csharp/SimpleIOT/TestCase_IOT_Simple_Validation.cs,54,3,Vulnerability.Info,3,3,System.IO.Stream.Close,TestCase_IOT_Simple_Validation.getCoveredVulnerableSource(string):string
csharp/SimpleIOT/TestCase_IOT_Simple_Validation.cs,60,3,Vulnerability.Info,3,3,System.IO.FileStream.FileStream,TestCase_IOT_Simple_Validation.writeToVulnerableSink(string;string):void
csharp/SimpleIOT/TestCase_IOT_Simple_Validation.cs,61,3,Vulnerability.Info,3,3,System.IO.StreamWriter.StreamWriter,TestCase_IOT_Simple_Validation.writeToVulnerableSink(string;string):void
csharp/SimpleIOT/TestCase_IOT_Simple_Validation.cs,62,3,Vulnerability.Validation.EncodingRequired,0,2,System.IO.TextWriter.Write,TestCase_IOT_Simple_Validation.writeToVulnerableSink(string;string):void
csharp/SimpleIOT/TestCase_IOT_Simple_Validation.cs,63,3,Vulnerability.Info,3,3,System.IO.TextWriter.Close,TestCase_IOT_Simple_Validation.writeToVulnerableSink(string;string):void
csharp/SimpleIOT/TestCase_IOT_Simple_Validation.cs,68,13,Vulnerability.Logging.Required,2,3,System.Exception.Exception,TestCase_IOT_Simple_Validation.validate(string):void
csharp/SimpleIOT/TestCase_IOT_Static_Assigns.cs,19,4,Vulnerability.ErrorHandling.RevealDetails.StackTrace,0,2,System.Exception.get_StackTrace,TestCase_IOT_Static_Assigns.main(string[]):void
csharp/SimpleIOT/TestCase_IOT_Static_Assigns.cs,19,4,Vulnerability.Logging.Required,2,3,System.Exception.get_StackTrace,TestCase_IOT_Static_Assigns.main(string[]):void
csharp/SimpleIOT/TestCase_IOT_Static_Assigns.cs,19,4,Vulnerability.Validation.EncodingRequired,0,3,System.Console.Write,TestCase_IOT_Static_Assigns.main(string[]):void
csharp/SimpleIOT/TestCase_IOT_Static_Assigns.cs,24,3,Vulnerability.Info,3,3,System.IO.FileStream.FileStream,TestCase_IOT_Static_Assigns.getVulnerableSource(string):string
csharp/SimpleIOT/TestCase_IOT_Static_Assigns.cs,25,3,Vulnerability.Info,3,3,System.IO.StreamReader.StreamReader,TestCase_IOT_Static_Assigns.getVulnerableSource(string):string
csharp/SimpleIOT/TestCase_IOT_Static_Assigns.cs,26,3,Vulnerability.Info,3,3,System.Type.GetType,TestCase_IOT_Static_Assigns.getVulnerableSource(string):string
csharp/SimpleIOT/TestCase_IOT_Static_Assigns.cs,28,3,Vulnerability.Info,3,3,System.IO.Stream.Close,TestCase_IOT_Static_Assigns.getVulnerableSource(string):string
csharp/SimpleIOT/TestCase_IOT_Static_Assigns.cs,34,3,Vulnerability.Info,3,3,System.IO.FileStream.FileStream,TestCase_IOT_Static_Assigns.writeToVulnerableSink(string):void
csharp/SimpleIOT/TestCase_IOT_Static_Assigns.cs,35,3,Vulnerability.Info,3,3,System.IO.StreamWriter.StreamWriter,TestCase_IOT_Static_Assigns.writeToVulnerableSink(string):void
csharp/SimpleIOT/TestCase_IOT_Static_Assigns.cs,36,3,Vulnerability.Validation.EncodingRequired,0,2,System.IO.TextWriter.Write,TestCase_IOT_Static_Assigns.writeToVulnerableSink(string):void
csharp/SimpleIOT/TestCase_IOT_Static_Assigns.cs,37,3,Vulnerability.Info,3,3,System.IO.TextWriter.Close,TestCase_IOT_Static_Assigns.writeToVulnerableSink(string):void
csharp/SimpleIOT/TestCase_IOT_Static.cs,17,4,Vulnerability.ErrorHandling.RevealDetails.StackTrace,0,2,System.Exception.get_StackTrace,TestCase_IOT_Static.main(string[]):void
csharp/SimpleIOT/TestCase_IOT_Static.cs,17,4,Vulnerability.Logging.Required,2,3,System.Exception.get_StackTrace,TestCase_IOT_Static.main(string[]):void
csharp/SimpleIOT/TestCase_IOT_Static.cs,17,4,Vulnerability.Validation.EncodingRequired,0,3,System.Console.Write,TestCase_IOT_Static.main(string[]):void
csharp/SimpleIOT/TestCase_IOT_Static.cs,22,3,Vulnerability.Info,3,3,System.IO.FileStream.FileStream,TestCase_IOT_Static.getVulnerableSource(string):string
csharp/SimpleIOT/TestCase_IOT_Static.cs,23,3,Vulnerability.Info,3,3,System.IO.StreamReader.StreamReader,TestCase_IOT_Static.getVulnerableSource(string):string
csharp/SimpleIOT/TestCase_IOT_Static.cs,24,3,Vulnerability.Info,3,3,System.Type.GetType,TestCase_IOT_Static.getVulnerableSource(string):string
csharp/SimpleIOT/TestCase_IOT_Static.cs,26,3,Vulnerability.Info,3,3,System.IO.Stream.Close,TestCase_IOT_Static.getVulnerableSource(string):string
csharp/SimpleIOT/TestCase_IOT_Static.cs,32,3,Vulnerability.Info,3,3,System.IO.FileStream.FileStream,TestCase_IOT_Static.writeToVulnerableSink(string):void
csharp/SimpleIOT/TestCase_IOT_Static.cs,33,3,Vulnerability.Info,3,3,System.IO.StreamWriter.StreamWriter,TestCase_IOT_Static.writeToVulnerableSink(string):void
csharp/SimpleIOT/TestCase_IOT_Static.cs,34,3,Vulnerability.Validation.EncodingRequired,0,2,System.IO.TextWriter.Write,TestCase_IOT_Static.writeToVulnerableSink(string):void
csharp/SimpleIOT/TestCase_IOT_Static.cs,35,3,Vulnerability.Info,3,3,System.IO.TextWriter.Close,TestCase_IOT_Static.writeToVulnerableSink(string):void
csharp/SimpleIOT/TestCase_IOT_UserValidation.cs,12,3,Vulnerability.Info,3,3,System.IO.StreamReader.StreamReader,TestCase_IOT_UserValidation.main(string[]):void
csharp/SimpleIOT/TestCase_IOT_UserValidation.cs,13,3,Vulnerability.Info,3,3,System.IO.StreamWriter.StreamWriter,TestCase_IOT_UserValidation.main(string[]):void
csharp/SimpleIOT/TestCase_IOT_UserValidation.cs,38,9,Vulnerability.Validation.Required,1,3,System.IO.TextReader.Read,TestCase_IOT_UserValidation.getVulnerableSource1():string
csharp/SimpleIOT/TestCase_IOT_UserValidation.cs,38,9,Vulnerability.Validation.Required,1,3,System.IO.TextReader.Read,TestCase_IOT_UserValidation.getVulnerableSource1():string
csharp/SimpleIOT/TestCase_IOT_UserValidation.cs,54,9,Vulnerability.Validation.EncodingRequired,0,2,System.IO.TextWriter.Write,TestCase_IOT_UserValidation.writeToVulnerableSink(string):void
csharp/SimpleIOT/TestCase_IOT_UserValidation.cs,54,9,Vulnerability.Validation.EncodingRequired,0,2,System.IO.TextWriter.Write,TestCase_IOT_UserValidation.writeToVulnerableSink(string):void
csharp/SimpleIOT/TestCase_IOT_UserValidation.cs,54,9,Vulnerability.Validation.EncodingRequired,0,2,System.IO.TextWriter.Write,TestCase_IOT_UserValidation.writeToVulnerableSink(string):void
csharp/SimpleIOT/TestCase_IOT_UserValidation2.cs,20,3,Vulnerability.Info,3,3,System.IO.StreamReader.StreamReader,TestCase_IOT_UserValidation2.main(string[]):void
csharp/SimpleIOT/TestCase_IOT_UserValidation2.cs,36,9,Vulnerability.Validation.EncodingRequired,0,2,System.IO.TextWriter.Write,TestCase_IOT_UserValidation2.writeToVulnerableSink(string):void
csharp/SimpleIOT/TestCase_IOT_UserValidation2.cs,53,13,Vulnerability.Logging.Required,2,3,System.Exception.Exception,TestCase_IOT_UserValidation2.validate(string):void
csharp/SimpleIOT/TestCase_IOT_XFile_Part1.cs,19,4,Vulnerability.ErrorHandling.RevealDetails.StackTrace,0,2,System.Exception.get_StackTrace,TestCase_IOT_XFile_Part1.main(string[]):void
csharp/SimpleIOT/TestCase_IOT_XFile_Part1.cs,19,4,Vulnerability.Logging.Required,2,3,System.Exception.get_StackTrace,TestCase_IOT_XFile_Part1.main(string[]):void
csharp/SimpleIOT/TestCase_IOT_XFile_Part1.cs,19,4,Vulnerability.Validation.EncodingRequired,0,3,System.Console.Write,TestCase_IOT_XFile_Part1.main(string[]):void
csharp/SimpleIOT/TestCase_IOT_XFile_Part1.cs,24,3,Vulnerability.Info,3,3,System.IO.FileStream.FileStream,TestCase_IOT_XFile_Part1.getVulnerableSource(string):string
csharp/SimpleIOT/TestCase_IOT_XFile_Part1.cs,25,3,Vulnerability.Info,3,3,System.IO.StreamReader.StreamReader,TestCase_IOT_XFile_Part1.getVulnerableSource(string):string
csharp/SimpleIOT/TestCase_IOT_XFile_Part1.cs,26,3,Vulnerability.Info,3,3,System.Type.GetType,TestCase_IOT_XFile_Part1.getVulnerableSource(string):string
csharp/SimpleIOT/TestCase_IOT_XFile_Part1.cs,28,3,Vulnerability.Info,3,3,System.IO.Stream.Close,TestCase_IOT_XFile_Part1.getVulnerableSource(string):string
csharp/SimpleIOT/TestCase_IOT_XFile_Part2.cs,12,3,Vulnerability.Info,3,3,System.IO.FileStream.FileStream,TestCase_IOT_XFile_Part2.writeToVulnerableSink(string):void
csharp/SimpleIOT/TestCase_IOT_XFile_Part2.cs,13,3,Vulnerability.Info,3,3,System.IO.StreamWriter.StreamWriter,TestCase_IOT_XFile_Part2.writeToVulnerableSink(string):void
csharp/SimpleIOT/TestCase_IOT_XFile_Part2.cs,14,3,Vulnerability.Validation.EncodingRequired,0,2,System.IO.TextWriter.Write,TestCase_IOT_XFile_Part2.writeToVulnerableSink(string):void
csharp/SimpleIOT/TestCase_IOT_XFile_Part2.cs,14,3,Vulnerability.Validation.EncodingRequired,0,2,System.IO.TextWriter.Write,TestCase_IOT_XFile_Part2.writeToVulnerableSink(string):void
csharp/SimpleIOT/TestCase_IOT_XFile_Val_Part1.cs,20,4,Vulnerability.ErrorHandling.RevealDetails.StackTrace,0,2,System.Exception.get_StackTrace,TestCase_IOT_XFile_Val_Part1.main(string[]):void
csharp/SimpleIOT/TestCase_IOT_XFile_Val_Part1.cs,20,4,Vulnerability.Logging.Required,2,3,System.Exception.get_StackTrace,TestCase_IOT_XFile_Val_Part1.main(string[]):void
csharp/SimpleIOT/TestCase_IOT_XFile_Val_Part1.cs,20,4,Vulnerability.Validation.EncodingRequired,0,3,System.Console.Write,TestCase_IOT_XFile_Val_Part1.main(string[]):void
csharp/SimpleIOT/TestCase_IOT_XFile_Val_Part1.cs,29,3,Vulnerability.Info,3,3,System.IO.FileStream.FileStream,TestCase_IOT_XFile_Val_Part1.getVulnerableSource(string):string
csharp/SimpleIOT/TestCase_IOT_XFile_Val_Part1.cs,30,3,Vulnerability.Info,3,3,System.IO.StreamReader.StreamReader,TestCase_IOT_XFile_Val_Part1.getVulnerableSource(string):string
csharp/SimpleIOT/TestCase_IOT_XFile_Val_Part1.cs,31,3,Vulnerability.Info,3,3,System.Type.GetType,TestCase_IOT_XFile_Val_Part1.getVulnerableSource(string):string
csharp/SimpleIOT/TestCase_IOT_XFile_Val_Part1.cs,33,3,Vulnerability.Info,3,3,System.IO.Stream.Close,TestCase_IOT_XFile_Val_Part1.getVulnerableSource(string):string
